,Day,Hi mean,H slope,H intercept,H SD,Lo mean,L slope,L intercept,L SD
0,1,34,-0.01857420654212098,35.74683195592287,10.401838746092917,19,0.02362316827557466,17.769421487603314,9.945787926503945
1,2,33,-0.015282311271616068,34.85096418732783,9.809355706862378,18,-0.020140287519966642,19.58168044077135,10.379507390501137
2,3,33,-0.020178484616987326,34.32561983471075,9.49441454556442,19,-0.02032432807833878,20.734297520661162,10.162513501701678
3,4,33,0.0030384054448225587,33.11088154269974,10.854574091666821,19,-0.00459406903257172,19.381680440771355,11.322466573133253
4,5,33,0.005302451559136013,33.359504132231415,10.994393147066775,18,0.00443780818112369,17.835950413223145,11.503306064787115
5,6,32,-0.05575734426001807,36.02589531680441,10.796354686180145,18,0.0011459129106186866,18.098484848484855,11.025816407458473
6,7,32,-0.0368983957219251,34.81212121212121,10.943079109288979,19,-0.046621293145357345,21.823966942148765,10.634374263039012
7,8,32,-0.04852420306965763,34.98719008264464,10.634808868233858,17,-0.0464337801236197,20.246143250688707,11.386253936720564
8,9,31,-0.04765955969164529,34.427410468319565,10.594509306757926,16,-0.02850197930411837,18.32920110192838,11.305485642034172
9,10,32,-0.048062365442044584,35.00137741046832,10.430478797983438,16,-0.006660184735051077,17.346280991735547,11.082464004153652
10,11,31,-0.030224321133412196,33.73168044077136,10.40663438464551,16,-0.027595666365719865,18.50027548209367,10.907784463618716
11,12,32,-0.003142579345788,32.47865013774106,10.482795695912468,17,0.027581776512257777,15.483884297520664,10.819809485888575
12,13,31,0.03783596083061324,29.515426997245182,10.61371661540654,16,0.02959580526425443,15.114049586776863,11.386681369259527
13,14,32,-0.0015695534412112904,32.19338842975208,11.093491164574267,15,-0.013146746301826518,15.982231404958679,11.591506597939894
14,15,31,-0.05062157094242663,34.61198347107439,11.716109716572147,15,-0.06635182998819367,19.847933884297525,12.044315929868636
15,16,30,-0.060379192999514046,34.1425619834711,11.647375006318596,14,-0.02998124869782631,16.717217630853998,12.5093130572892
16,17,31,-0.04462115424682288,34.304958677685974,10.019015533918866,13,-0.03748524203069665,16.222038567493122,10.639624553726403
17,18,31,-0.042930064587818714,33.56267217630855,11.99194115483663,15,-0.03913118966594904,17.83663911845731,12.963423550129649
18,19,31,-0.050972289742343205,34.591184573002764,12.71193168967302,16,0.005201750121536236,15.757162534435263,13.1018847405059
19,20,32,-0.08039794430168767,37.09201101928376,10.936636320441593,16,-0.018983957219251415,17.354545454545466,11.506273407628221
20,21,32,-0.13397805403152996,40.496694214876044,11.784452440725918,16,-0.09769081186193487,22.454269972451797,11.14442682688167
21,22,32,-0.10971248003333572,38.75289256198348,11.932909441166995,15,-0.11228904785054523,22.50619834710745,12.338136887258932
22,23,32,-0.05928536703937774,36.10247933884298,11.587201357278541,17,-0.050003472463365554,20.158539944903588,12.133004735908111
23,24,32,-0.015924716994235737,33.68085399449037,12.059887908208077,16,0.015695534412111963,15.249449035812676,12.027268271425106
24,25,33,-0.03622473782901579,35.20537190082645,12.272706617983353,16,-0.007993610667407546,17.29228650137742,12.17518024530242
25,26,31,-0.030318077644280964,33.46225895316806,11.331888398579963,15,0.003930828529759046,15.299449035812671,11.598270903681378
26,27,30,-0.02273769011736918,32.286225895316804,11.899250264732862,14,0.0018612403639142136,14.722589531680443,12.413284652111292
27,28,30,-0.0052156399749982325,31.19366391184574,10.599812376120793,15,-6.250434057922335e-05,15.320385674931133,11.224211026404756
28,29,30,-0.0013820404194736016,30.61556473829202,10.059431239525678,14,0.0053093964858670585,14.425757575757581,10.685335771992571
29,30,31,-0.012834224598930495,31.8469696969697,11.107256567640086,14,-0.003646086533787018,14.383608815427,11.037242784831571
30,31,30,-0.026578234599624988,32.03140495867768,10.647010074636531,14,-0.012764775331620282,14.876170798898077,12.049745165082012
31,32,31,-0.005035071879991721,31.482920110192847,10.026840729462378,14,0.0225362872421696,12.875757575757577,10.647273161251578
32,33,31,0.001951524411417356,31.267217630854017,10.782948984184161,15,0.03478019306896313,13.097245179063364,11.325833735488157
33,34,30,0.0030627126883810965,30.117768595041333,10.433945892650412,13,0.04154107924161403,11.3866391184573,10.883103729116591
34,35,30,0.021362594624626644,29.178925619834718,10.030080807670663,14,0.05634071810542401,11.28939393939394,10.702073806206972
35,36,30,0.028349190916035796,28.56322314049588,10.758815029562324,13,0.047503298840197286,11.0568870523416,10.862922315495636
36,37,30,-0.009177720675046843,31.304407713498623,10.616299370540093,14,0.006368497812348059,13.621074380165295,11.118158362703387
37,38,31,-0.049975692756441426,34.440220385674934,9.904530270939414,16,-0.008830474338495762,16.6504132231405,10.877903360142755
38,39,32,-0.011966108757552623,32.82865013774106,9.879257051416124,15,0.020796583096048347,13.854269972451794,10.518487792176865
39,40,31,-0.026276130286825565,32.58842975206613,10.094896372579027,14,-0.009726369886797686,14.970385674931132,11.197460571455466
40,41,30,-0.0035974720466699804,30.864049586776865,10.416252652836867,15,0.004569761789013145,14.778099173553723,11.499981731808656
41,42,31,-0.005097576220570964,31.519972451790647,11.100142578638637,14,0.006073338426279623,13.9969696969697,11.569879638351406
42,43,32,-0.02322036252517538,33.47327823691461,11.21148558236532,14,-0.019008264462809895,15.280991735537194,11.178197566707079
43,44,31,-0.047024098895756684,34.547933884297535,10.9898731077465,14,-0.037030349329814576,17.01997245179064,11.25187815010285
44,45,32,-0.07391832766164315,36.47314049586778,11.2078622614033,16,-0.04795124661434823,19.328099173553724,10.902904169428028
45,46,32,-0.014650322939093073,33.680027548209374,11.134997317741322,17,-0.01902215431627197,18.26515151515152,10.947493733618627
46,47,33,0.017910966039308265,32.10096418732783,11.68733663137218,15,0.049472185568442295,12.68140495867769,11.217530173495293
47,48,32,-0.007240086117091541,32.78911845730028,11.13084580305183,16,0.010761163969720112,15.851377410468325,11.325583319856598
48,49,32,0.009695117716508028,31.973140495867778,10.41964047186971,16,0.01252517535939993,15.96308539944904,10.654541646785248
49,50,34,0.020529203416904056,33.17851239669422,11.275316984867594,17,0.04357247031043823,15.274104683195594,10.823980017413511
50,51,35,0.017726925480936222,34.50358126721763,12.134952526859411,18,0.04248558927703312,16.197107438016534,11.62868266418005
51,52,34,0.04888881172303622,32.08278236914602,11.604473082316456,18,0.07871727203278008,13.69132231404959,11.962871482952872
52,53,36,0.020605597610945162,35.690633608815446,10.869418462046687,19,0.03728383915549693,17.339944903581273,9.99142139040088
53,54,36,-0.0018959649975693292,36.87947658402205,11.215035925592257,19,0.030057642891867454,17.928236914600557,10.524228416064592
54,55,36,-0.01796652545315652,37.30234159779616,11.077825024927645,18,0.031786929647892176,16.80867768595042,11.450000917397494
55,56,36,-0.026050420168067245,38.38333333333335,10.670254998672466,19,0.040068754774637116,16.77424242424243,10.979733686238854
56,57,35,-0.014372525869852146,36.08016528925621,10.640388016555464,18,0.008552677269254799,17.53278236914601,10.044770229506767
57,58,33,-0.012014723244669772,34.1482093663912,11.21128882862624,18,-0.015115633030071516,19.324380165289263,10.60494771162907
58,59,35,0.03979443016876174,32.632231404958674,10.020147770593896,18,0.013292589763178026,17.742424242424246,9.774717286920156
59,60,36,-0.01022640461143138,36.95013774104684,9.533219965634133,19,-0.0017605389263142856,19.51308539944904,9.872715847591426
60,61,36,0.01298354052364763,36.08581267217631,9.762986036994187,21,-0.02155010764636437,22.348898071625353,9.420818474436883
61,62,36,-0.01617820681991816,37.47093663911847,10.20462560574867,20,-0.008583929439544363,20.82741046831956,9.857798459909317
62,63,36,-0.05264601708451986,39.95743801652894,10.646072775733712,20,-0.022213348149177026,21.663360881542708,9.722620106570794
63,64,37,-0.05138551288283917,40.107438016528945,10.885075743860481,21,0.009747204666990786,20.545041322314056,9.896576523765999
64,65,37,-0.030318077644280853,38.89559228650139,10.016789127548321,20,-0.001805680950066017,20.540771349862265,10.134169949247157
65,66,37,-0.015924716994235737,38.580853994490376,10.725711927818287,20,0.0059483297451212325,20.52107438016529,10.72307062820529
66,67,37,-0.007163691923050207,38.1012396694215,9.985840816211859,21,-0.01985554552399463,23.01473829201102,9.625188709998431
67,68,37,0.009886103201611174,37.07011019283748,10.309085356924667,21,-0.020876449753455137,23.225482093663917,9.373647428106231
68,69,38,0.018970067365789284,37.246280991735546,10.89989784856921,22,0.006000416695603878,21.876308539944908,9.34469096865808
69,70,39,0.018338079033266175,37.95055096418734,12.354970988361297,22,0.019921522327939426,21.473002754820943,9.79838422054031
70,71,39,-0.020782693242586293,40.944903581267226,10.893985568589097,22,-0.016501145912910593,23.71515151515152,9.620298335084126
71,72,41,-0.04310021529272859,43.81446280991736,12.014172303344655,23,-0.026710188207514425,25.55592286501378,10.04270991361214
72,73,41,-0.02639766650461848,43.03732782369148,11.83708269003154,24,-0.012125842072366165,25.071487603305794,9.56152127412946
73,74,42,0.018358913813459294,41.282644628099185,11.331567048061176,25,0.0419161052850892,22.81432506887053,8.647917934036927
74,75,42,0.01926175428849223,41.21225895316805,11.897175594015831,25,0.012723105771234216,24.74297520661157,9.32602755282046
75,76,41,-0.027363011320230654,43.194765840220406,12.882620259943426,24,0.0002257101187582804,24.678236914600554,9.719421632110887
76,77,41,-0.01665740676435868,42.66611570247936,12.163564893745987,23,0.0065907354677408264,23.457851239669427,9.746061475576393
77,78,40,-0.03661712618931879,42.80371900826448,12.580538859015272,23,0.004087089381207076,23.448484848484853,9.773739324954235
78,79,43,-0.05492048058892995,46.417768595041345,11.266556444524078,25,-0.04715952496701165,28.630991735537197,8.769372312560488
79,80,43,-0.07297729008958947,47.87548209366391,11.48395543760934,26,-0.016629627057434537,27.647796143250698,7.77789999237047
80,81,44,-0.03628376970622962,46.85055096418733,11.908471550869624,26,-0.002944648933953865,27.058539944903597,8.619094820119297
81,82,44,-0.09325994860754236,49.64063360881545,11.728007011397281,26,-0.02458851309118689,27.988016528925623,8.967694119177242
82,83,45,-0.09740259740259732,50.97878787878789,12.248809465957633,27,-0.04564553093964869,29.924242424242436,8.700329205916088
83,84,46,-0.10820890339606913,53.07176308539946,11.638052143854711,27,-0.030686158761025015,29.317493112947663,8.94990336864724
84,85,47,-0.09339537467879729,53.040358126721785,12.8186991391111,28,-0.04408986735189942,31.44834710743803,9.367979163802906
85,86,48,-0.07880061115355236,53.463636363636375,13.512809049319142,29,-0.03418292937009523,31.38388429752068,9.045775280216066
86,87,48,-0.017501215362178017,49.0913223140496,13.255631433691962,29,0.006726161538995814,29.141460055096427,9.421855366296883
87,88,49,-0.001802208486700673,49.2322314049587,13.119081298537907,29,0.038686714355163604,27.439807162534443,9.167439488685567
88,89,49,0.025390652128620142,48.07258953168044,12.463447958490681,31,0.004104451698034605,31.022451790633617,8.713684141425292
89,90,48,-0.013164108618654066,49.32493112947661,12.385201140187963,31,0.003069657615112199,30.900688705234167,8.081084182745988
90,91,49,-0.0007708868671437233,49.47920110192839,12.080773900674394,31,-0.0008333912077227017,31.61625344352617,8.307871465743586
91,92,50,-0.002920341690395139,50.31542699724519,11.471774520284894,33,0.035641363983609946,30.99600550964188,9.706779518844082
92,93,50,0.00783040488922834,49.859090909090924,10.621179491069372,31,0.030057642891867437,29.661570247933895,6.431082609437679
93,94,49,-0.0031321619556915164,50.00303030303032,11.594683897281161,31,0.0027571359122160253,31.569283746556493,7.306878690006848
94,95,50,-0.039419404125286515,52.84545454545456,11.535112636182266,31,0.0021668171400790774,31.521074380165306,7.8864312790594795
95,96,51,-0.11537259531911927,57.973002754820946,12.73702723342845,32,-0.03703729425654568,34.30371900826447,8.143048796211344
96,97,51,-0.10427807486631031,57.587878787878815,12.523043186233036,32,-0.03874921869574285,34.897245179063376,7.643853831710823
97,98,50,-0.0362177929022848,52.73829201101931,11.729860862531229,32,-0.028689492325855964,34.3236914600551,7.591662092936785
98,99,50,-0.0023126606014306425,50.22093663911846,12.540075813190295,32,0.01655670532675877,31.03154269972453,7.895305842191087
99,100,51,-0.0004757274810750231,51.06997245179065,12.128441352286552,32,-0.005920550038197144,32.860606060606074,7.85583959142971
100,101,51,-0.016730328495034443,52.3287878787879,10.171085507071352,32,-0.008997152580040295,32.94366391184574,7.393496839669799
101,102,52,-0.012674491284116839,53.35413223140497,10.181050118362299,32,-0.010802833530106236,33.63443526170799,6.477492814759898
102,103,53,-0.0056566428224181595,53.39490358126723,10.295055379457963,34,0.019772206403222387,33.173553719008275,6.828819305651871
103,104,54,-0.005007292173067577,55.19793388429754,11.097278037065339,34,0.011195221890409012,34.05055096418734,6.8368543227724485
104,105,55,0.005055906660184501,54.98250688705237,10.372218333860221,35,0.02066810195152429,34.03691460055097,7.707612011068362
105,106,55,0.027880408361691686,54.09944903581268,11.036985821428283,36,0.03506146260156952,33.955509641873284,7.363772134987773
106,107,56,0.03808945065629567,54.392011019283764,11.16228330707705,36,0.01727203278005409,35.80564738292012,7.789600191823669
107,108,56,-0.03271754982984935,58.88002754820939,11.821311998545116,36,0.005489964580873589,36.28168044077136,7.4453706030906845
108,109,59,-0.033061323703034974,61.45881542699726,12.059374005335444,37,0.008764497534550912,37.41184573002756,7.7965014059941975
109,110,58,0.03437738731856376,56.23787878787879,11.78532297117962,38,0.002590457670671568,38.37920110192838,8.216537262973834
110,111,59,0.027418570734078718,57.66859504132232,12.167320883374101,38,0.04609000625043396,35.39931129476586,7.953959780541777
111,112,60,-0.019150635460795873,61.76446280991736,11.960061338759546,38,0.02092853670393778,36.91308539944904,8.196121067933543
112,113,59,-0.027467185221196094,61.10096418732784,11.661855750772293,38,-0.01168483922494624,38.78691460055098,7.817235679539654
113,114,59,-0.027147718591568858,61.265289256198365,11.480820689196348,38,0.016146954649628373,37.27258953168045,7.26535850276292
114,115,59,-0.0642370997985971,62.83044077134988,10.809656306644865,38,-0.002003611361900152,38.61088154269974,7.624590726950621
115,116,59,-0.0676401138967984,63.84958677685952,10.936533870895465,39,0.004194735745537842,39.617079889807165,8.159062943944562
116,117,60,-0.057816515035766285,64.0400826446281,11.207290544308101,39,-0.0027119938884643696,39.35303030303031,7.335072686519649
117,118,61,-0.03329745121188982,63.422865013774135,12.281567683398757,39,0.0041565386485172134,39.0443526170799,8.350912830226356
118,119,61,-0.05832349468713136,64.48691460055099,11.604101950294524,39,-0.008125564275296964,40.016804407713515,7.9588577928586455
119,120,62,-0.06403222446003216,66.25991735537193,9.82438229075793,40,-0.016202514063476586,41.41404958677687,6.723656968139442
120,121,63,0.0002639072157790226,63.58429752066115,9.649661464867803,41,0.027960275019098552,39.936363636363645,7.45789300454404
121,122,64,0.012188346412945257,63.55812672176311,10.779051682874186,41,0.026206681019515295,40.249035812672176,7.5172583878344765
122,123,62,-0.017094937148413113,63.858815426997246,10.338795204205846,41,0.04427043544690597,38.62424242424243,7.649348665998014
123,124,62,-0.02856448364469767,64.58292011019286,10.839690011795575,40,0.036127508854781526,38.68374655647384,7.437508091467482
124,125,64,-0.03788110285436479,66.64559228650138,10.912405886920462,42,0.0008646433780123793,42.12355371900828,7.324028027978991
125,126,64,-0.04265573998194339,67.52134986225899,10.422973440920781,43,0.0157927633863463,42.3603305785124,6.831218501737987
126,127,65,-0.051270921591777284,68.54228650137743,10.135216773587974,43,-0.007118549899298702,43.82355371900828,8.40208057466681
127,128,64,-0.05963955830266008,68.29022038567497,10.667232346694961,43,0.006156677547051871,42.84201101928376,7.455070840206213
128,129,65,-0.04589207583860005,68.09724517906338,10.426157581044034,43,-0.0011563303007153965,43.660468319559236,7.844599741098281
129,130,65,0.02755746926869933,63.7103305785124,11.310477034869152,44,0.049097159524967064,41.270385674931134,8.784340376735281
130,131,64,0.02433155080213901,63.32727272727275,10.832927163254153,42,0.06277866518508228,38.939669421487615,7.870979032138869
131,132,66,-0.0005694839919439052,66.48388429752069,10.622514538754483,44,0.01902215431627193,43.61818181818183,7.371589796947045
132,133,65,-0.0644315577470657,69.75867768595042,9.488748312491758,44,-0.00995208000555591,44.7921487603306,7.694372056544825
133,134,66,-0.05568789499270791,69.37176308539948,9.421320210554565,43,0.005823321063962692,43.6451790633609,7.103669111518243
134,135,67,-0.005726092089728277,67.38236914600553,9.158176613253964,45,0.025908049170081212,44.100137741046844,7.133535233667245
135,136,68,-0.03218973539829176,70.51528925619839,9.444575162494074,46,0.01979304118341554,44.87231404958679,6.783383058200806
136,137,68,-0.055215639974998156,71.76033057851242,9.57935674407484,46,-0.0032293909299257045,46.492148760330586,7.1767598784508
137,138,68,-0.07114730189596508,72.89159779614329,9.924501412731852,45,-0.013292589763178046,46.77424242424243,7.373565473169329
138,139,68,-0.05226404611431372,71.65137741046834,10.228396650463633,47,-0.0012049447878325849,47.180027548209374,7.4538308162672315
139,140,69,-0.03332870338217934,71.66639118457303,9.823640952754095,47,0.00813945412875898,46.69903581267219,7.89317685703029
140,141,70,-0.0335162164039171,72.09421487603308,10.506820513881657,47,0.007500520869504956,46.95371900826446,7.463524749116352
141,142,70,-0.05354191263282161,73.72741046831958,10.23742995037307,48,0.0033891242447392483,48.59834710743804,7.998529276575494
142,143,70,-0.04495451072991198,72.70812672176311,9.52302237643453,48,0.002864782276546999,48.17121212121214,7.89691550605703
143,144,70,-0.009427738037363699,71.28595041322315,9.673634357400132,48,0.037367178276268946,46.184986225895344,7.887332502538628
144,145,71,-0.006451836933120118,71.68388429752065,9.01874797996099,49,0.025206611570247985,48.158539944903595,7.744334696276705
145,146,72,-0.0348600597263703,74.14917355371905,9.361249018869078,49,0.031200083339120818,47.718595041322324,7.180344904054154
146,147,71,-0.03087019931939717,73.3201101928375,10.317630609813486,49,0.02151885547607473,48.31129476584024,8.698010816092536
147,148,71,-0.006337245642058495,72.1020661157025,9.675371575606302,50,0.03532884228071396,48.0146005509642,7.440727502758594
148,149,73,-0.018709632613376097,74.16322314049592,8.891361117456,50,0.039148551982776385,48.15399449035815,7.223890491801146
149,150,72,0.00331273005069799,72.6028925619835,9.888963375331894,50,0.04602055698312392,47.90344352617081,8.080265235405939
150,151,74,0.005538579067990965,73.71212121212122,9.408913915241538,51,0.05861518160983415,47.795730027548224,8.373812052543126
151,152,74,-0.017008125564275372,75.59531680440774,9.662874751303763,52,0.040023612750885514,49.61859504132231,7.872940573719005
152,153,74,-0.039954163483575396,77.26060606060608,9.553197654930713,52,0.013358566567122669,51.74683195592288,6.9377736400975545
153,154,73,-0.07238349885408718,77.8318181818182,9.741156299455428,51,-0.021504965622612678,53.25454545454547,7.029903115628696
154,155,73,-0.09376692825890687,79.23746556473832,8.913681141065897,51,-0.0019029099243001676,51.696556473829204,6.920415945790041
155,156,74,-0.09559691645253142,79.80468319559232,8.614218589330198,52,-0.015712896728939472,53.493250688705245,5.846489765408884
156,157,74,-0.06250434057920692,78.63567493112949,9.08464706661354,52,-0.00033682894645471094,52.67837465564739,7.087088311026701
157,158,74,-0.07326550454892704,78.6676308539945,9.322238553730593,52,-0.032616848392249556,54.86570247933885,7.547232226830857
158,159,75,-0.017244253073130284,76.34269972451794,8.45252021820804,53,0.018529064518369397,51.980853994490374,7.2245884222665895
159,160,75,0.004153066185151605,75.51955922865017,8.25714188789697,53,0.05510452114730184,50.51294765840221,7.604615839924399
160,161,76,0.0029272866171261283,76.13415977961435,8.178467150387775,54,0.027692895339954223,53.02727272727274,7.286643127478309
161,162,76,-0.012455726092089925,77.5994490358127,8.566394997272758,54,0.040506285158691674,52.098209366391195,6.913627795862305
162,163,76,-0.025032988401972312,78.21446280991738,8.222701206176133,54,0.04002014028751987,52.443801652892574,7.6297323102485315
163,164,76,-0.006986596291409002,77.16570247933885,7.653471777703295,54,0.05797972081394536,50.99187327823692,7.050592481610085
164,165,76,-0.05966386554621854,79.60000000000002,8.492062532177927,55,0.010049308979790325,54.40206611570251,6.23624536901179
165,166,76,-0.05730953538440166,79.90991735537192,8.52283142284211,55,0.01160497256753945,54.876170798898094,6.744725089031476
166,167,77,-0.01928258906868542,78.85564738292014,7.707244036895269,55,0.030661851517466362,53.90895316804409,7.100400430575011
167,168,78,-0.010927842211264607,78.8085399449036,7.7849195235914594,55,0.027460240294464956,54.26611570247936,6.772906976148646
168,169,77,-0.023258559622195748,79.017217630854,7.931358179847309,55,0.04394055142718243,53.18553719008266,6.630208433039358
169,170,77,-0.02495659420793113,79.45991735537191,8.22014588187629,56,0.03485311479963886,54.58457300275484,6.78418307948882
170,171,78,-0.05546565733731543,81.59187327823695,7.587468475792728,56,0.014716299743037696,55.52438016528928,6.851853702441689
171,172,78,-0.0609000625043408,82.3568870523416,8.221444937646003,56,0.0009827071324397237,56.899862258953185,6.444847897799473
172,173,78,-0.03206125425376785,79.93264462809921,8.527230233914459,56,0.005080213903743114,56.53939393939395,5.991584901831429
173,174,78,-0.008528370025696374,78.60743801652893,7.3317543499997,57,0.03639836099729135,55.317630853994515,6.4024461361741
174,175,79,-0.0338322105701787,81.43801652892566,7.679135214792016,56,0.04093687061601489,54.4559228650138,6.692270511107388
175,176,79,-0.07931106326828263,84.51900826446281,8.67973589033966,57,-0.0214737134523233,59.09435261707993,7.588119122729181
176,177,80,-0.03528022779359703,82.1658402203857,7.16050480983378,58,0.0013716230293767786,58.31005509641876,6.220453972102648
177,178,79,-0.03574901034794107,81.95206611570252,8.036327707679051,58,0.01689353427321352,57.90316804407714,6.381427665312761
178,179,80,-0.04778456837280373,83.81818181818186,8.31265361265785,59,0.02201541773734287,57.70674931129478,6.29923742661465
179,180,80,-0.04862490450725743,83.75151515151519,7.54626718711866,59,0.016876171956385896,58.54586776859507,5.646222802261094
180,181,80,-0.05768803389124253,84.24077134986229,7.437465721503758,59,0.0007569970136815941,59.00495867768596,6.26427780918026
181,182,80,-0.06238974928814507,84.32052341597797,7.36708080258529,59,-0.0030418779081880535,59.664325068870525,6.358985349713518
182,183,80,-0.05579554135703885,83.6865013774105,7.718724731754192,58,0.016685186471282712,57.81556473829203,6.756628657276123
183,184,80,-0.030349329814570492,82.20578512396696,7.49610543139939,58,0.02401555663587749,56.621074380165304,6.258909615886135
184,185,80,-0.032283491909160335,82.6292011019284,6.790249847921566,58,0.026258767969997866,56.88760330578514,6.493500305573827
185,186,80,-0.043405792068893626,83.4326446280992,7.593285401805815,59,0.01781720952843946,58.33154269972453,6.481124284319464
186,187,81,-0.04531217445655974,84.55440771349865,7.252117434440315,59,0.016615737203972518,58.66969696969699,6.392611062036875
187,188,81,-0.043700951454962174,83.95853994490362,7.0577400545692495,59,0.009222862698798764,58.51790633608817,6.221044973332383
188,189,81,-0.04890270157649858,84.76804407713502,7.5027119279970895,60,0.006358080422251462,59.81336088154272,5.80682854087162
189,190,82,-0.06457392874505175,86.52548209366392,7.811845490790815,60,0.011445239252725791,60.08567493112949,6.930305307319519
190,191,82,-0.05038197097020614,85.47272727272728,6.983729590383397,61,-0.00875408014445458,61.66253443526172,5.941303698335437
191,192,81,-0.05600736162233508,85.10743801652896,6.828588569297428,59,-0.010743801652892564,60.572589531680464,5.6311458799758185
192,193,81,-0.06287242169595124,85.02424242424244,6.761461894204442,59,-0.015306618515174794,60.41074380165292,5.809294204949846
193,194,82,-0.05154177373428722,85.3417355371901,6.537496886899334,60,-0.0016251128550593926,60.33002754820939,5.238405898605361
194,195,82,-0.038770053475935776,84.91515151515154,6.010209567695541,60,0.019786096256684475,59.38939393939395,5.311685758988467
195,196,82,-0.034485033682894774,84.34352617079895,6.205711429138218,61,0.01398708243628021,60.384435261708006,6.271428252394343
196,197,82,-0.024567678310993848,83.9701101928375,6.280549985729697,60,0.018483922494617666,59.47520661157025,6.409895842046293
197,198,82,-0.03706160150010429,84.91349862258957,6.204357147928188,60,0.018192235571914763,59.85922865013775,6.334241789481915
198,199,83,-0.02120633377317848,84.42011019283747,6.030727806090113,61,0.03550593791235501,58.92906336088156,6.238125975505344
199,200,83,-0.012764775331620227,84.32617079889809,5.991216727105474,61,0.029568025557330437,60.01570247933886,5.992239378822347
200,201,83,-0.030741718174873117,84.95413223140496,6.070402780373505,61,0.03998194319049913,58.97107438016532,6.210116441620671
201,202,82,-0.046926869921522646,85.40881542699728,6.67389663978574,60,0.029290228488089435,58.91556473829203,6.429312904639991
202,203,82,-0.03257517883186347,84.17988980716254,6.393268299689972,60,0.01513299534689901,59.98292011019286,5.8008740768975855
203,204,82,-0.04037433155080228,84.44393939393943,6.547044792744835,61,0.0058372109174247835,60.9443526170799,5.609709220183702
204,205,82,-0.03345023959997233,84.91528925619838,6.388227749658945,61,0.01393846794916321,60.370661157024806,5.290867349586868
205,206,82,-0.05559066601847346,85.3659779614325,6.830844323630095,60,0.0058198486005973105,60.403719008264474,5.362882079785147
206,207,81,-0.03387040766719944,83.99862258953173,6.127474061581178,60,0.023734287103271145,58.76280991735539,5.659323385040882
207,208,82,-0.07825543440516713,86.6895316804408,9.671871485871577,59,0.0044829502048755535,59.524931129476585,7.827870733736579
208,209,82,-0.07200847281061173,87.04283746556476,6.291244861294297,61,-0.011021598722133414,62.35578512396695,5.284510423886782
209,210,82,-0.07976942843253033,87.17961432506891,6.811672302145832,61,-0.013393291200777691,62.33856749311296,5.00570402931812
210,211,82,-0.060490311827210326,85.63250688705236,6.360240645166325,60,-0.016265018404055753,61.95110192837466,5.5518689915847155
211,212,81,-0.05922633516216403,85.04063360881544,6.5836355992021005,60,-0.0004965622612682922,60.37121212121215,5.913232324762038
212,213,81,-0.03873532884228076,83.79641873278239,6.8439948938059985,60,0.01876171956385859,59.40867768595042,6.158907602582041
213,214,81,-0.018855476074727325,83.02190082644628,6.269038230552952,59,0.06084450309049236,56.02975206611572,6.722157016760557
214,215,82,0.002760608375581407,81.84407713498628,6.104820843809752,60,0.04802069588165842,57.31776859504133,6.013517685846046
215,216,81,-0.008962427946385085,81.79159779614328,6.408366161725245,60,0.061802902979373624,56.489393939393956,5.85874815741288
216,217,81,-0.03406139315230247,83.86831955922867,6.485919893333952,59,0.03794707965830956,57.2421487603306,6.293921303778056
217,218,81,-0.05628168622821036,84.58209366391188,7.779236891279521,59,-0.00022571011875820502,59.77176308539947,6.046036041964047
218,219,81,-0.06985901798736016,85.7732782369146,7.106847607284494,60,-0.008990207653309268,60.57658402203859,6.400362165873251
219,220,81,-0.0785922633516214,86.26790633608816,7.003595515166193,60,-0.009955552468921668,61.35068870523419,5.705659630641166
220,221,82,-0.05539968053337065,85.31294765840224,6.13843564410858,59,0.013778734634349778,59.06349862258955,6.004456794795031
221,222,81,-0.052455031599416675,84.93774104683199,6.389307419409394,60,0.01029238141537623,59.804269972451806,5.740294451694695
222,223,80,-0.027522744635044234,82.43760330578516,6.566530874905902,60,-0.0019584693381485335,60.36652892561986,6.107234998567772
223,224,79,-0.0396555316341412,82.1261707988981,6.592245678161009,58,0.02160566706021255,57.18112947658404,5.791813018322994
224,225,80,-0.05010070143759957,83.0309917355372,6.476654910023337,58,0.03519341620945877,56.51432506887053,6.3844556940904456
225,226,80,-0.0476109452045281,83.25785123966945,6.056682537606255,59,0.011226474060698651,58.65702479338845,5.9042250930651194
226,227,80,-0.04293006458781845,82.97933884297522,7.196710850021941,59,0.019042989096464787,58.200275482093694,5.526609934394392
227,228,81,-0.04423571081325083,83.87369146005511,7.205268652766767,59,0.036370581290367396,57.38595041322315,6.41145246329376
228,229,81,-0.03833946801861241,83.57286501377413,6.963766769432158,59,0.016067087992221656,58.15234159779616,6.417931593463376
229,230,80,-0.020459754149593973,81.33402203856753,6.686476171006234,59,0.009851378567956152,58.538842975206634,6.392698697628057
230,231,79,-0.03380095839988887,81.24449035812673,6.475205889894668,58,-0.0011042433502327135,58.165702479338876,5.904563112222486
231,232,79,-0.044652406417112295,82.06515151515154,6.180065313806417,57,0.016310160427807637,56.571212121212135,5.947806365394229
232,233,78,-0.04437808181123724,81.59049586776865,6.869552845893321,56,0.016521980693103937,55.96694214876034,6.424545891809507
233,234,78,-0.06138620737551223,82.56914600550967,7.1931145103177245,57,0.011212584207236673,56.424517906336106,6.2885728475850335
234,235,79,-0.08550941037572081,84.21280991735541,6.776829654644362,56,-0.026776165011459352,58.03484848484852,5.788710881488883
235,236,78,-0.06858462393221738,82.37245179063363,6.596912740296118,57,-0.022876588651989906,58.76115702479341,6.097802331767646
236,237,78,-0.04371136884505873,80.66749311294768,6.991872031852694,56,0.006163622473782935,56.14159779614326,6.4116436012513836
237,238,78,-0.030585457323425408,80.66983471074383,7.128649736017583,56,0.026008750607681045,55.21914600550965,6.925453397569343
238,239,79,-0.012028613098131751,80.13236914600552,6.689491738532005,57,0.04916313632891165,54.124793388429765,6.551476836522877
239,240,78,-0.012434891311896807,79.48154269972454,7.365027321808141,57,0.04907632474477406,54.17162534435261,7.00059521278965
240,241,78,-0.010066671296617723,78.97396694214876,7.787150048788899,57,0.026932425862906836,55.76418732782371,6.8745460761785155
241,242,78,-0.023473852350857694,79.99669421487606,7.52519577343815,57,0.02087644975345506,56.20785123966944,6.209033808921974
242,243,78,-0.047798458226265786,81.76900826446285,7.5427771672612725,57,0.00850059031877234,56.49421487603307,6.900249660566729
243,244,78,-0.05865337870685455,82.23154269972453,8.156552074050326,56,-0.0021876519202722335,56.29683195592288,6.9793613313710505
244,245,78,-0.07736995624696157,83.52851239669423,8.4038431584563,56,-0.0028265851795265585,57.11818181818184,7.6508361711414965
245,246,78,-0.06883811375790008,83.01253443526173,7.859676189508164,56,-0.02118549899298574,57.702203856749335,6.816682247453309
246,247,77,-0.032269602055698586,79.91170798898074,7.812396778029579,56,-0.015455934439891515,57.511294765840226,6.693149430553595
247,248,76,-0.02606778248489468,78.37603305785127,7.131021707177401,55,0.03791582748801996,53.235674931129495,7.068685629352222
248,249,76,-0.04136745607333856,79.38636363636365,7.78617876958478,55,0.016671296617820585,54.31639118457301,7.54014001757221
249,250,77,-0.029182582123758648,78.83636363636364,7.904259037023633,55,0.002316133064796288,55.52052341597798,7.065712966140639
250,251,76,-0.03139801375095491,77.90151515151516,8.055410346738503,55,0.015789290922980655,54.11887052341599,7.077358659997451
251,252,75,-0.05288561705673989,78.99669421487606,8.603936953071946,54,0.010646572678658263,53.66652892561984,7.7074666406548085
252,253,75,-0.04021807069935427,77.8929752066116,8.744746321952062,54,-0.0008646433780126808,54.70977961432509,7.604173813357602
253,254,75,-0.04564900340301414,78.23278236914602,8.62474779398238,53,-0.0015417737342872204,53.52506887052344,8.08020023603015
254,255,74,-0.06018126258768002,78.52245179063362,8.447858694758729,52,-0.017060212514757866,54.006749311294776,7.714981424174015
255,256,73,-0.06587610250711848,77.86129476584023,8.075583943121943,52,-0.012688381137579346,53.671625344352634,7.597637108723626
256,257,73,-0.03946107368567267,76.29793388429755,9.507051783462913,53,0.024446142093200857,51.695454545454574,8.180372081693962
257,258,73,-0.03792971734148209,75.93181818181822,8.94348502373364,52,0.005184387804708631,52.66652892561986,7.952022627328612
258,259,73,-0.05627474130147944,76.73168044077138,8.820510221082683,52,-0.013452323077991627,53.05041322314051,7.312071290313153
259,260,70,-0.08168970067365774,75.66887052341599,9.013804383709862,50,-0.041162580734773475,52.83250688705236,8.501293360161043
260,261,71,-0.05416001111188282,74.96418732782371,7.934072712291057,50,0.008059587471352114,49.578787878787885,7.122335365905328
261,262,72,-0.03813459268004748,74.70234159779618,8.011266576320045,50,0.001791791096603888,50.310055096418736,7.166194369167965
262,263,72,-0.056483089103410024,75.84407713498625,8.41066083528961,50,-0.00725744843391909,51.24848484848487,7.738350782248868
263,264,72,-0.04514896867838066,75.35303030303034,8.521187960472592,50,-0.013438433224529573,51.716253443526185,7.564382853556663
264,265,72,-0.01540384748940887,73.3331955922865,9.634133412541281,50,-0.011483436349746459,51.25826446280993,7.868309482833466
265,266,70,-0.06149038127647775,74.59201101928377,9.426168949495112,49,-0.00033335648308899024,49.21983471074382,7.979595828100061
266,267,69,-0.055236474755191355,73.17823691460057,9.303289228879775,48,-0.021025765678172006,49.89269972451792,7.555726675988281
267,268,69,-0.039370789638169285,71.8758953168044,9.28170997478495,48,-0.015171192443919826,49.21101928374657,7.572391065084862
268,269,69,-0.02598791582748808,70.56294765840222,8.873512026603363,48,-0.0057156746996320194,48.42341597796145,8.130845236363992
269,270,69,-0.017063684978123512,70.5986225895317,8.17619349428708,47,-0.000659768039447142,47.90592286501379,7.976787050727948
270,271,68,-0.03364817001180643,70.70206611570248,8.705836929247843,48,0.007076880338912164,47.76225895316807,7.491152577993504
271,272,68,-0.04367664421140386,70.9654269972452,8.18887678996531,47,-0.00280575039933344,47.88360881542701,7.80560381907717
272,273,66,-0.054937842905757456,70.06046831955926,8.392569576097411,45,-0.010820195846933747,46.443801652892574,7.1144308310939515
273,274,65,-0.018983957219251377,66.1378787878788,8.810322281930699,45,0.016469893742620992,44.24504132231406,7.300814389936409
274,275,65,-0.03387735259393005,67.76570247933884,8.95295829236761,45,0.00907007431071602,44.86033057851241,7.138956918370706
275,276,65,-0.037363705812903825,67.98980716253446,9.348287339961058,46,-0.0005694839919439806,46.13388429752068,7.667896625246208
276,277,67,-0.0607542190429892,70.68154269972452,9.839667048180424,46,-0.004288492256406574,46.59683195592287,8.058083089744889
277,278,67,-0.08900618098479077,72.34586776859507,10.008273888063187,45,-0.02383151607750541,47.34297520661158,9.318962776344309
278,279,66,-0.08650947982498793,71.73898071625345,9.798384220540312,45,-0.034755885825404634,47.40964187327827,8.050779839394998
279,280,65,-0.038686714355163604,67.59352617079892,10.260797414696105,44,0.0031911938329049626,44.3684573002755,8.25313368886476
280,281,64,-0.04811792485589265,67.23801652892564,10.131125597995167,43,0.015348288075560617,42.636776859504145,7.903674286487945
281,282,63,0.006882422390443862,62.94049586776861,9.926325240143468,43,0.0090422946037918,43.22865013774107,7.6945176743507675
282,283,63,-0.007222723800263766,64.31308539944906,10.134543087156626,43,0.014139870824362726,42.39201101928375,8.186618855871851
283,284,64,-0.032596013612056586,66.11446280991738,9.39216775436057,43,-0.017886658795749803,44.48925619834713,8.219328010316685
284,285,62,-0.05702479338842982,66.30964187327825,9.534178529065294,43,-0.031307729703451755,44.99614325068872,6.912336230021131
285,286,61,-0.03436002500173636,63.63608815426999,9.727804586484515,41,0.0022571011875825026,41.065702479338846,7.897026352373659
286,287,62,-0.013146746301826594,63.048898071625345,9.198769860518238,41,0.017904021112577127,40.318044077135006,7.833544904467462
287,288,61,-0.05587888047781102,65.24146005509643,9.359831332723408,41,0.0037328981179248354,41.70289256198348,6.97554250774167
288,289,63,-0.062275157997083,66.95537190082646,9.095432411727467,41,-0.01848739495798331,42.933333333333344,6.77530529974568
289,290,62,-0.07401208417251207,66.50371900826448,9.991929516474025,40,-0.0129383984998959,41.65316804407715,7.442985907261028
290,291,60,-0.047663032155010894,63.669283746556474,9.992714432860303,41,-0.0023682200152789707,41.357575757575766,7.5383426987805295
291,292,60,-0.06434127369956277,64.38663911845732,11.105904125400013,41,-0.029571498020695967,42.82617079889808,8.265279543873598
292,293,59,-0.020359052711993952,60.719696969696976,10.905241846006351,40,-0.010438224876727681,40.787741046831975,7.71371509457175
293,294,58,-0.024366275435794105,60.22479338842977,9.366902665567657,39,0.025897631779984692,37.475757575757584,8.092930137303972
294,295,58,-0.0560247239391627,62.23347107438018,9.79058027825082,40,-0.003187721369539543,40.30633608815428,7.457648866140337
295,296,57,-0.03869713174526024,60.03581267217632,9.319477510269865,39,0.0013785679561080693,39.592975206611584,7.3520848240825005
296,297,56,-0.026963678033196888,57.99600550964189,9.884455016863203,38,0.00557330370164595,38.32672176308541,7.25929810405837
297,298,57,-0.012775192721716861,58.03512396694216,8.84598612864814,39,0.01666087922772399,38.058677685950435,7.2365203579314485
298,299,56,-0.035158691575803744,58.25027548209367,8.816519858139241,38,0.01084103062712679,37.85495867768597,7.496778019407331
299,300,56,-0.03674213487047735,58.24449035812677,9.978376481115529,39,-0.012941870963261506,40.2783746556474,7.490044746737048
300,301,55,-0.015858740190290925,56.351928374655664,9.63231242106644,37,-0.00039586082366827014,37.64022038567494,7.256620660980354
301,302,55,-0.001017431766094896,55.75220385674932,10.30280685695178,37,-0.005764289186749095,37.89297520661158,7.814928614113981
302,303,54,-0.05019098548510333,57.119696969696996,9.392410071263857,36,-0.0029793735676089243,37.09393939393941,7.647247358158538
303,304,54,-0.02730050697965145,56.02438016528928,9.454357405428453,37,-0.000659768039447142,37.58925619834712,7.3471540251248
304,305,55,-0.0014966317105354892,55.6473829201102,9.039405640955424,37,0.022032780054170382,35.89738292011021,7.45168847070419
305,306,54,-0.021744565594833162,56.26046831955926,9.40582095232069,37,-0.015146885200361138,38.851239669421496,7.706648880985165
306,307,54,-0.003798874921869497,55.17603305785124,9.415569084047476,37,0.0026737967914438154,37.357575757575766,7.466432819467341
307,308,53,-0.0021459823598862227,53.411019283746576,9.749107550910274,36,-0.001764011389679818,36.55495867768595,7.823526252605667
308,309,51,0.009313146746301773,50.76253443526171,9.6519108861148,35,0.01545940690325716,34.763498622589545,7.324396132889359
309,310,51,0.026578234599624877,49.43526170798899,9.117333508659383,35,0.028904785054517684,33.96349862258954,7.821520982276431
310,311,51,-0.005875408014445601,51.78292011019286,9.75216703634438,34,0.015553163414126004,33.66625344352618,7.026355945377978
311,312,49,-0.04599972220293084,52.52865013774107,8.898962108619424,34,-0.021800125008681188,36.097107438016536,7.2211174907438
312,313,50,-0.00032641155635815174,50.25275482093666,9.984638060484695,34,-0.01176470588235303,34.95000000000001,8.032758560048572
313,314,50,-0.021140356969234084,51.574517906336105,9.671914928045538,33,-0.004010695187165761,33.580303030303035,8.131788265329886
314,315,49,-0.0338947149107576,51.125068870523414,9.741012520778934,33,0.010962566844919742,32.672727272727286,7.248485787975817
315,316,49,-0.03866935203833613,51.517493112947676,9.377411921299858,33,-0.019386762969650598,34.59517906336089,7.1453056027620505
316,317,47,-0.026592124453087007,49.19889807162535,9.611952759681131,32,-0.025119799986110167,34.244628099173575,7.322407190181623
317,318,46,-0.01022293214806581,46.92493112947658,10.031030287435632,32,-0.006139315230224398,32.36528925619836,8.133342517329618
318,319,47,0.011136190013195301,46.94573002754823,10.1263412501676,32,0.005330231266060083,31.791184573002766,7.879124459030734
319,320,47,0.011313285644836432,47.22685950413224,10.656122239185816,32,-0.0016667824154455542,32.549173553719015,8.3694622981207
320,321,47,-0.0011702201541774126,47.29462809917357,10.617460251155824,32,-0.025060768108896646,33.63278236914602,8.270933038861658
321,322,46,-0.027251892492534187,47.97148760330579,10.27818935759544,32,-0.03184248906174045,34.111294765840235,8.508209908925718
322,323,46,-0.022425168414473347,48.0676308539945,10.507886860568581,32,-0.009785401764011567,32.632231404958695,8.580660294664796
323,324,47,-0.005503854434335717,47.435812672176326,11.1066607567381,31,0.007656781720952892,31.069421487603314,8.91412107960447
324,325,46,-0.03654767692200841,48.716253443526185,10.495213661661284,30,-0.03441211195221886,32.780853994490364,8.115483006313937
325,326,44,-0.06264671157719284,48.519146005509654,10.590066562771062,31,-0.052777970692409144,34.59862258953169,8.425547218927402
326,327,44,-0.03192582818251277,45.966253443526185,10.321498599202219,29,-0.025748315855267743,30.690358126721772,8.287883059155751
327,328,44,-0.005368428363080863,44.53608815426998,10.173439907515093,29,-0.01076463643308572,29.773829201101936,8.234925962159034
328,329,42,0.006174039863879494,42.315977961432516,9.402291275667492,28,-0.015160775053823192,29.46873278236916,7.086184135502047
329,330,42,0.023716924786443484,41.53884297520663,9.352885682410285,28,0.016539343009931262,27.790909090909103,7.676727353315529
330,331,42,0.011945273977359578,41.85592286501379,9.106035798039786,29,0.035380929231196644,26.903168044077137,8.402176422061785
331,332,42,0.05887908882561287,39.480027548209385,9.526595530878991,28,0.05562539065212858,25.598622589531686,8.05547554614312
332,333,42,0.021140356969234008,41.69214876033059,10.375188567690039,28,0.03666226821307049,26.28526170798898,8.198107317267453
333,334,42,0.012910618792971678,41.64848484848486,9.057782143932739,28,0.006649767344954517,27.729338842975213,8.094569712068049
334,335,41,-0.0013368983957220586,41.487878787878806,9.348972741244172,27,0.008410306271268727,26.56625344352618,8.290658237172863
335,336,38,-0.004948260295853829,39.23608815426998,9.591922225956356,25,0.02266129592332796,24.084986225895324,9.282434240767541
336,337,39,0.01749774289881241,38.550550964187345,9.172021608792518,25,0.014129453434266243,24.750964187327828,8.72694642114497
337,338,39,0.04720119452739763,36.883195592286526,10.5319009858311,25,0.03014792693937069,23.80619834710744,9.585878970144162
338,339,39,0.023317591499409568,38.05426997245181,10.785763908098142,25,0.021977220640322204,24.15068870523417,10.222644030797131
339,340,39,0.02358497117855405,38.39669421487604,10.514975315346819,25,0.03317244253073133,23.401239669421493,9.594345761344819
340,341,39,-0.010858392943954527,39.95440771349864,10.088512339908842,24,0.011837627613028624,23.9706611570248,8.477515987063923
341,342,38,-0.05591013264810058,41.384986225895325,10.212281149405836,24,-0.03208556149732624,26.509090909090915,8.75089431204058
342,343,37,-0.029880547260226382,39.519559228650145,10.018047439985692,23,-0.012247378290159042,24.453719008264468,9.953642549338404
343,344,36,0.01445933745398985,35.656336088154276,9.888439335557315,23,0.028484616987290802,21.663498622589536,10.119285052412978
344,345,36,0.02917216473366209,34.27258953168044,9.379483988362853,22,0.039784012778665195,19.857851239669433,9.16374157557193
345,346,35,-0.010580595874713487,36.4378787878788,9.429344357589535,22,0.030196541426487956,20.236639118457305,10.37849532765258
346,347,35,-0.004830196541426597,36.11239669421489,9.938180767866417,22,-0.005003819709702006,22.622727272727275,9.631149132551391
347,348,35,0.012667546357385888,34.82961432506888,10.019798328480336,21,0.008962427946385179,21.091735537190086,10.49534710833185
348,349,34,0.04371831377178968,31.982093663911854,9.905930091636634,20,0.048322800194457984,17.824793388429754,9.950803354250247
349,350,34,0.05820195846933815,31.261983471074387,10.061961400586405,21,0.05582679352732832,18.053305785123964,9.571546155053493
350,351,34,0.024855892770331144,32.80440771349863,9.578673206251317,21,0.03851656365025352,19.10826446280992,9.941340558538387
351,352,34,0.019338148482533637,32.94104683195593,9.059092496643643,20,0.042280713938467884,18.167630853994503,10.273555293828428
352,353,33,-0.009427738037363811,34.43595041322315,9.557928206292337,20,-0.00532328633932915,20.65840220385676,9.626203588030293
353,354,33,-0.02278630460448652,35.27245179063362,9.104051488288091,19,0.0119140218070699,18.732782369146012,10.17972596528469
354,355,34,-0.006403222446003194,34.5809917355372,9.550045096466187,21,-0.012372386971317545,21.794490358126733,10.255800435706169
355,356,34,-0.0029863184943399513,35.12768595041323,10.505580749808944,20,0.012552955066324038,19.828099173553728,9.974473722980084
356,357,35,0.017619279116605248,33.984986225895334,9.282615298433488,20,0.03207514410722968,18.699862258953175,9.973322258041454
357,358,35,0.007587332453642435,34.806887052341615,9.902461991919008,22,0.013629418709632605,21.197382920110197,10.890976785859937
358,359,36,0.0045419820820889615,35.74641873278239,10.2948002974932,20,0.022088339468018636,19.677410468319565,10.055723595585365
359,360,34,0.019865962914091154,33.54297520661158,10.272720258656177,19,0.03856170567400508,17.663911845730034,11.061627088160899
360,361,32,-0.025192721716786007,34.35730027548211,10.537086033284016,18,0.006812973123133537,18.41129476584023,11.208477683824666
361,362,34,-0.003389124244739286,34.40165289256199,9.836990726569883,19,-0.0074519063823875985,19.526721763085405,10.474124446137031
362,363,33,0.018501284811445327,32.365840220385685,10.284142425801662,19,0.022116119174942647,17.909090909090917,10.653805490460737
363,364,33,0.036641433432877256,31.26983471074381,10.262807124955316,18,0.042166122647406094,16.432782369146004,10.770560430580922
364,365,33,-0.02203625251753595,34.927823691460055,9.428352853760515,18,0.033637752621709927,16.7068870523416,9.910859703175221
